{"stats":{"minecraft:killed":{"minecraft:creeper":1,"minecraft:sheep":3,"minecraft:skeleton":1,"minecraft:zombie":4,"minecraft:cow":3},"minecraft:crafted":{"minecraft:cooked_beef":7,"minecraft:crafting_table":2,"minecraft:wooden_pickaxe":1,"minecraft:iron_helmet":1,"minecraft:furnace":4,"minecraft:acacia_boat":1,"minecraft:air":0,"minecraft:iron_boots":1,"minecraft:iron_chestplate":1,"minecraft:shield":1,"minecraft:stick":12,"minecraft:iron_ingot":26,"minecraft:stone_pickaxe":2,"minecraft:stone_sword":1,"minecraft:iron_leggings":1,"minecraft:white_bed":1,"minecraft:acacia_planks":36,"minecraft:torch":20},"minecraft:broken":{"minecraft:stone_pickaxe":1},"minecraft:used":{"minecraft:acacia_boat":1,"minecraft:stone_sword":44,"minecraft:stone_pickaxe":164,"minecraft:oak_planks":2,"minecraft:wooden_pickaxe":3,"minecraft:shield":5,"minecraft:iron_chestplate":1,"minecraft:torch":9,"minecraft:crafting_table":5,"minecraft:white_bed":1,"minecraft:gravel":2,"minecraft:cobblestone":30,"minecraft:furnace":8,"minecraft:cooked_beef":3,"minecraft:acacia_planks":5,"minecraft:iron_leggings":1},"minecraft:mined":{"minecraft:acacia_leaves":1,"minecraft:crafting_table":4,"minecraft:torch":2,"minecraft:acacia_log":9,"minecraft:copper_ore":1,"minecraft:cobblestone":6,"minecraft:wall_torch":2,"minecraft:spawner":1,"minecraft:chain":1,"minecraft:furnace":7,"minecraft:iron_ore":39,"minecraft:grass":26,"minecraft:coal_ore":38,"minecraft:gravel":2,"minecraft:dirt":1,"minecraft:cobweb":3,"minecraft:stone":66},"minecraft:custom":{"minecraft:interact_with_furnace":25,"minecraft:mob_kills":12,"minecraft:interact_with_crafting_table":13,"minecraft:time_since_death":33731,"minecraft:sleep_in_bed":1,"minecraft:time_since_rest":19168,"minecraft:sprint_one_cm":51175,"minecraft:damage_taken":179,"minecraft:walk_one_cm":83099,"minecraft:damage_blocked_by_shield":265,"minecraft:damage_dealt":1841,"minecraft:swim_one_cm":663,"minecraft:fly_one_cm":53802,"minecraft:crouch_one_cm":2362,"minecraft:play_time":33731,"minecraft:sneak_time":769,"minecraft:walk_under_water_one_cm":299,"minecraft:boat_one_cm":4589,"minecraft:jump":385,"minecraft:walk_on_water_one_cm":412,"minecraft:total_world_time":33731,"minecraft:fall_one_cm":6378},"minecraft:picked_up":{"minecraft:crafting_table":4,"minecraft:leather":2,"minecraft:chain":1,"minecraft:gunpowder":2,"minecraft:acacia_boat":1,"minecraft:dirt":1,"minecraft:string":3,"minecraft:raw_copper":3,"minecraft:wheat_seeds":3,"minecraft:beef":7,"minecraft:oak_planks":2,"minecraft:furnace":7,"minecraft:raw_iron":39,"minecraft:oak_fence":4,"minecraft:torch":3,"minecraft:acacia_log":9,"minecraft:gravel":2,"minecraft:mutton":4,"minecraft:coal":69,"minecraft:white_wool":3,"minecraft:cobblestone":70}},"DataVersion":3120}