{"stats":{"minecraft:killed":{"minecraft:sheep":3,"minecraft:zombie":4,"minecraft:creeper":1,"minecraft:cow":3},"minecraft:crafted":{"minecraft:cooked_beef":7,"minecraft:iron_chestplate":1,"minecraft:iron_boots":1,"minecraft:shield":1,"minecraft:crafting_table":2,"minecraft:stick":12,"minecraft:wooden_pickaxe":1,"minecraft:iron_ingot":26,"minecraft:stone_pickaxe":2,"minecraft:iron_helmet":1,"minecraft:stone_sword":1,"minecraft:iron_leggings":1,"minecraft:furnace":4,"minecraft:white_bed":1,"minecraft:acacia_planks":36,"minecraft:torch":20,"minecraft:acacia_boat":1,"minecraft:air":0},"minecraft:broken":{"minecraft:stone_pickaxe":1},"minecraft:used":{"minecraft:acacia_boat":1,"minecraft:stone_sword":33,"minecraft:stone_pickaxe":130,"minecraft:wooden_pickaxe":3,"minecraft:gravel":2,"minecraft:iron_chestplate":1,"minecraft:torch":9,"minecraft:cobblestone":2,"minecraft:crafting_table":5,"minecraft:furnace":5,"minecraft:white_bed":1,"minecraft:cooked_beef":1,"minecraft:iron_leggings":1},"minecraft:mined":{"minecraft:chain":1,"minecraft:acacia_leaves":1,"minecraft:furnace":4,"minecraft:iron_ore":31,"minecraft:crafting_table":4,"minecraft:torch":2,"minecraft:grass":26,"minecraft:acacia_log":9,"minecraft:coal_ore":38,"minecraft:gravel":2,"minecraft:cobweb":1,"minecraft:copper_ore":1,"minecraft:stone":51,"minecraft:wall_torch":2},"minecraft:picked_up":{"minecraft:crafting_table":4,"minecraft:raw_iron":31,"minecraft:leather":2,"minecraft:torch":3,"minecraft:acacia_log":9,"minecraft:gravel":2,"minecraft:chain":1,"minecraft:string":1,"minecraft:gunpowder":2,"minecraft:acacia_boat":1,"minecraft:raw_copper":3,"minecraft:wheat_seeds":3,"minecraft:beef":7,"minecraft:mutton":4,"minecraft:coal":69,"minecraft:white_wool":3,"minecraft:cobblestone":51,"minecraft:furnace":4},"minecraft:custom":{"minecraft:time_since_rest":7168,"minecraft:interact_with_furnace":23,"minecraft:sprint_one_cm":28194,"minecraft:damage_taken":102,"minecraft:walk_one_cm":59988,"minecraft:mob_kills":11,"minecraft:damage_dealt":1491,"minecraft:swim_one_cm":663,"minecraft:interact_with_crafting_table":13,"minecraft:fly_one_cm":45581,"minecraft:crouch_one_cm":1119,"minecraft:play_time":21731,"minecraft:sneak_time":383,"minecraft:walk_under_water_one_cm":73,"minecraft:boat_one_cm":4589,"minecraft:jump":317,"minecraft:walk_on_water_one_cm":144,"minecraft:time_since_death":21731,"minecraft:sleep_in_bed":1,"minecraft:total_world_time":21731,"minecraft:fall_one_cm":5441}},"DataVersion":3120}