{"stats":{"minecraft:custom":{"minecraft:jump":35,"minecraft:time_since_rest":4909,"minecraft:damage_dealt":140,"minecraft:damage_taken":280,"minecraft:leave_game":2,"minecraft:time_since_death":4874,"minecraft:crouch_one_cm":26,"minecraft:play_time":6174,"minecraft:walk_one_cm":6125,"minecraft:sprint_one_cm":3077,"minecraft:deaths":1,"minecraft:walk_on_water_one_cm":353,"minecraft:sneak_time":182,"minecraft:total_world_time":6174,"minecraft:walk_under_water_one_cm":524,"minecraft:fall_one_cm":1472,"minecraft:fly_one_cm":69709},"minecraft:picked_up":{"minecraft:dark_oak_log":1},"minecraft:killed_by":{"minecraft:skeleton":1},"minecraft:mined":{"minecraft:dark_oak_log":1},"minecraft:used":{"minecraft:dark_oak_log":1}},"DataVersion":3120}