{"stats":{"minecraft:mined":{"minecraft:acacia_leaves":1,"minecraft:furnace":4,"minecraft:iron_ore":26,"minecraft:crafting_table":3,"minecraft:torch":1,"minecraft:grass":6,"minecraft:acacia_log":9,"minecraft:coal_ore":38,"minecraft:gravel":2,"minecraft:copper_ore":1,"minecraft:stone":51,"minecraft:wall_torch":2},"minecraft:broken":{"minecraft:stone_pickaxe":1},"minecraft:crafted":{"minecraft:cooked_beef":7,"minecraft:iron_boots":1,"minecraft:iron_chestplate":1,"minecraft:shield":1,"minecraft:crafting_table":1,"minecraft:stick":12,"minecraft:iron_helmet":1,"minecraft:wooden_pickaxe":1,"minecraft:iron_ingot":26,"minecraft:stone_pickaxe":2,"minecraft:stone_sword":1,"minecraft:iron_leggings":1,"minecraft:furnace":4,"minecraft:white_bed":1,"minecraft:acacia_planks":36,"minecraft:torch":20,"minecraft:air":0},"minecraft:used":{"minecraft:stone_sword":28,"minecraft:stone_pickaxe":124,"minecraft:wooden_pickaxe":3,"minecraft:gravel":2,"minecraft:iron_chestplate":1,"minecraft:torch":8,"minecraft:cobblestone":1,"minecraft:crafting_table":4,"minecraft:furnace":5,"minecraft:white_bed":1,"minecraft:cooked_beef":1,"minecraft:iron_leggings":1},"minecraft:custom":{"minecraft:time_since_rest":2712,"minecraft:interact_with_furnace":23,"minecraft:sprint_one_cm":7463,"minecraft:damage_taken":52,"minecraft:walk_one_cm":50056,"minecraft:mob_kills":10,"minecraft:damage_dealt":1290,"minecraft:fly_one_cm":9156,"minecraft:interact_with_crafting_table":12,"minecraft:crouch_one_cm":678,"minecraft:play_time":17275,"minecraft:sneak_time":174,"minecraft:jump":181,"minecraft:time_since_death":17275,"minecraft:sleep_in_bed":1,"minecraft:total_world_time":17275,"minecraft:fall_one_cm":1163},"minecraft:picked_up":{"minecraft:crafting_table":3,"minecraft:raw_iron":26,"minecraft:leather":2,"minecraft:torch":3,"minecraft:acacia_log":9,"minecraft:gravel":2,"minecraft:gunpowder":2,"minecraft:raw_copper":3,"minecraft:wheat_seeds":1,"minecraft:beef":7,"minecraft:mutton":4,"minecraft:coal":69,"minecraft:white_wool":3,"minecraft:cobblestone":51,"minecraft:furnace":4},"minecraft:killed":{"minecraft:sheep":3,"minecraft:zombie":3,"minecraft:creeper":1,"minecraft:cow":3}},"DataVersion":3120}