{
  "minecraft:recipes/misc/charcoal": {
    "criteria": {
      "has_log": "2024-07-22 14:43:46 +0000"
    },
    "done": true
  },
  "minecraft:recipes/building_blocks/dark_oak_wood": {
    "criteria": {
      "has_log": "2024-07-22 14:43:46 +0000"
    },
    "done": true
  },
  "minecraft:adventure/root": {
    "criteria": {
      "killed_by_something": "2024-07-22 14:44:14 +0000"
    },
    "done": true
  },
  "minecraft:recipes/building_blocks/dark_oak_planks": {
    "criteria": {
      "has_log": "2024-07-22 14:43:46 +0000"
    },
    "done": true
  },
  "minecraft:adventure/adventuring_time": {
    "criteria": {
      "minecraft:beach": "2024-07-22 14:45:02 +0000",
      "minecraft:dark_forest": "2024-07-22 14:43:13 +0000",
      "minecraft:sparse_jungle": "2024-07-22 14:45:04 +0000",
      "minecraft:river": "2024-07-22 14:44:54 +0000",
      "minecraft:forest": "2024-07-22 14:45:42 +0000",
      "minecraft:ocean": "2024-07-22 14:44:47 +0000",
      "minecraft:plains": "2024-07-22 14:45:44 +0000"
    },
    "done": false
  },
  "DataVersion": 3120
}